requestType,principalId,principalIdType,password
resolvePrincipal,AGENT1_1/9900,RESELLERUSER,2009
resolvePrincipal,AGENT1_10/9900,RESELLERUSER,2009
resolvePrincipal,AGENT1_2/9900,RESELLERUSER,2009
resolvePrincipal,AGENT1_3/9900,RESELLERUSER,2009
resolvePrincipal,AGENT1_4/9900,RESELLERUSER,2009
resolvePrincipal,AGENT1_5/9900,RESELLERUSER,2009
resolvePrincipal,AGENT1_6/9900,RESELLERUSER,2009
resolvePrincipal,AGENT1_7/9900,RESELLERUSER,2009
resolvePrincipal,AGENT1_8/9900,RESELLERUSER,2009
resolvePrincipal,AGENT1_9/9900,RESELLERUSER,2009
resolvePrincipal,AGENT2_1/9900,RESELLERUSER,2009
resolvePrincipal,AGENT2_10/9900,RESELLERUSER,2009
resolvePrincipal,AGENT2_2/9900,RESELLERUSER,2009
resolvePrincipal,AGENT2_3/9900,RESELLERUSER,2009
resolvePrincipal,AGENT2_4/9900,RESELLERUSER,2009
resolvePrincipal,AGENT2_5/9900,RESELLERUSER,2009
resolvePrincipal,AGENT2_6/9900,RESELLERUSER,2009
resolvePrincipal,AGENT2_7/9900,RESELLERUSER,2009
resolvePrincipal,AGENT2_8/9900,RESELLERUSER,2009
resolvePrincipal,AGENT2_9/9900,RESELLERUSER,2009
resolvePrincipal,DIST1/9900,RESELLERUSER,2009
resolvePrincipal,DIST2/9900,RESELLERUSER,2009
resolvePrincipal,OPERATOR/9900,RESELLERUSER,2009
resolvePrincipal,SAGENT1_10_1/9900,RESELLERUSER,2009
resolvePrincipal,SAGENT1_10_10/9900,RESELLERUSER,2009
resolvePrincipal,SAGENT1_10_2/9900,RESELLERUSER,2009
resolvePrincipal,SAGENT1_10_3/9900,RESELLERUSER,2009
resolvePrincipal,SAGENT1_10_4/9900,RESELLERUSER,2009
resolvePrincipal,SAGENT1_10_5/9900,RESELLERUSER,2009
resolvePrincipal,SAGENT1_10_6/9900,RESELLERUSER,2009
resolvePrincipal,SAGENT1_10_7/9900,RESELLERUSER,2009
resolvePrincipal,SAGENT1_10_8/9900,RESELLERUSER,2009
resolvePrincipal,SAGENT1_10_9/9900,RESELLERUSER,2009
resolvePrincipal,SAGENT1_1_1/9900,RESELLERUSER,2009
resolvePrincipal,SAGENT1_1_10/9900,RESELLERUSER,2009
resolvePrincipal,SAGENT1_1_2/9900,RESELLERUSER,2009
resolvePrincipal,SAGENT1_1_3/9900,RESELLERUSER,2009
resolvePrincipal,SAGENT1_1_4/9900,RESELLERUSER,2009
resolvePrincipal,SAGENT1_1_5/9900,RESELLERUSER,2009
resolvePrincipal,SAGENT1_1_6/9900,RESELLERUSER,2009
resolvePrincipal,SAGENT1_1_7/9900,RESELLERUSER,2009
resolvePrincipal,SAGENT1_1_8/9900,RESELLERUSER,2009
resolvePrincipal,SAGENT1_1_9/9900,RESELLERUSER,2009
resolvePrincipal,SAGENT1_2_1/9900,RESELLERUSER,2009
resolvePrincipal,SAGENT1_2_10/9900,RESELLERUSER,2009
resolvePrincipal,SAGENT1_2_2/9900,RESELLERUSER,2009
resolvePrincipal,SAGENT1_2_3/9900,RESELLERUSER,2009
resolvePrincipal,SAGENT1_2_4/9900,RESELLERUSER,2009
resolvePrincipal,SAGENT1_2_5/9900,RESELLERUSER,2009
resolvePrincipal,SAGENT1_2_6/9900,RESELLERUSER,2009
resolvePrincipal,SAGENT1_2_7/9900,RESELLERUSER,2009
resolvePrincipal,SAGENT1_2_8/9900,RESELLERUSER,2009
resolvePrincipal,SAGENT1_2_9/9900,RESELLERUSER,2009
resolvePrincipal,SAGENT1_3_1/9900,RESELLERUSER,2009
resolvePrincipal,SAGENT1_3_10/9900,RESELLERUSER,2009
resolvePrincipal,SAGENT1_3_2/9900,RESELLERUSER,2009
resolvePrincipal,SAGENT1_3_3/9900,RESELLERUSER,2009
resolvePrincipal,SAGENT1_3_4/9900,RESELLERUSER,2009
resolvePrincipal,SAGENT1_3_5/9900,RESELLERUSER,2009
resolvePrincipal,SAGENT1_3_6/9900,RESELLERUSER,2009
resolvePrincipal,SAGENT1_3_7/9900,RESELLERUSER,2009
resolvePrincipal,SAGENT1_3_8/9900,RESELLERUSER,2009
resolvePrincipal,SAGENT1_3_9/9900,RESELLERUSER,2009
resolvePrincipal,SAGENT1_4_1/9900,RESELLERUSER,2009
resolvePrincipal,SAGENT1_4_10/9900,RESELLERUSER,2009
resolvePrincipal,SAGENT1_4_2/9900,RESELLERUSER,2009
resolvePrincipal,SAGENT1_4_3/9900,RESELLERUSER,2009
resolvePrincipal,SAGENT1_4_4/9900,RESELLERUSER,2009
resolvePrincipal,SAGENT1_4_5/9900,RESELLERUSER,2009
resolvePrincipal,SAGENT1_4_6/9900,RESELLERUSER,2009
resolvePrincipal,SAGENT1_4_7/9900,RESELLERUSER,2009
resolvePrincipal,SAGENT1_4_8/9900,RESELLERUSER,2009
resolvePrincipal,SAGENT1_4_9/9900,RESELLERUSER,2009
resolvePrincipal,SAGENT1_5_1/9900,RESELLERUSER,2009
resolvePrincipal,SAGENT1_5_10/9900,RESELLERUSER,2009
resolvePrincipal,SAGENT1_5_2/9900,RESELLERUSER,2009
resolvePrincipal,SAGENT1_5_3/9900,RESELLERUSER,2009
resolvePrincipal,SAGENT1_5_4/9900,RESELLERUSER,2009
resolvePrincipal,SAGENT1_5_5/9900,RESELLERUSER,2009
resolvePrincipal,SAGENT1_5_6/9900,RESELLERUSER,2009
resolvePrincipal,SAGENT1_5_7/9900,RESELLERUSER,2009
resolvePrincipal,SAGENT1_5_8/9900,RESELLERUSER,2009
resolvePrincipal,SAGENT1_5_9/9900,RESELLERUSER,2009
resolvePrincipal,SAGENT1_6_1/9900,RESELLERUSER,2009
resolvePrincipal,SAGENT1_6_10/9900,RESELLERUSER,2009
resolvePrincipal,SAGENT1_6_2/9900,RESELLERUSER,2009
resolvePrincipal,SAGENT1_6_3/9900,RESELLERUSER,2009
resolvePrincipal,SAGENT1_6_4/9900,RESELLERUSER,2009
resolvePrincipal,SAGENT1_6_5/9900,RESELLERUSER,2009
resolvePrincipal,SAGENT1_6_6/9900,RESELLERUSER,2009
resolvePrincipal,SAGENT1_6_7/9900,RESELLERUSER,2009
resolvePrincipal,SAGENT1_6_8/9900,RESELLERUSER,2009
resolvePrincipal,SAGENT1_6_9/9900,RESELLERUSER,2009
resolvePrincipal,SAGENT1_7_1/9900,RESELLERUSER,2009
resolvePrincipal,SAGENT1_7_10/9900,RESELLERUSER,2009
resolvePrincipal,SAGENT1_7_2/9900,RESELLERUSER,2009
resolvePrincipal,SAGENT1_7_3/9900,RESELLERUSER,2009
resolvePrincipal,SAGENT1_7_4/9900,RESELLERUSER,2009
resolvePrincipal,SAGENT1_7_5/9900,RESELLERUSER,2009
resolvePrincipal,SAGENT1_7_6/9900,RESELLERUSER,2009
resolvePrincipal,SAGENT1_7_7/9900,RESELLERUSER,2009
resolvePrincipal,SAGENT1_7_8/9900,RESELLERUSER,2009
resolvePrincipal,SAGENT1_7_9/9900,RESELLERUSER,2009
resolvePrincipal,SAGENT1_8_1/9900,RESELLERUSER,2009
resolvePrincipal,SAGENT1_8_10/9900,RESELLERUSER,2009
resolvePrincipal,SAGENT1_8_2/9900,RESELLERUSER,2009
resolvePrincipal,SAGENT1_8_3/9900,RESELLERUSER,2009
resolvePrincipal,SAGENT1_8_4/9900,RESELLERUSER,2009
resolvePrincipal,SAGENT1_8_5/9900,RESELLERUSER,2009
resolvePrincipal,SAGENT1_8_6/9900,RESELLERUSER,2009
resolvePrincipal,SAGENT1_8_7/9900,RESELLERUSER,2009
resolvePrincipal,SAGENT1_8_8/9900,RESELLERUSER,2009
resolvePrincipal,SAGENT1_8_9/9900,RESELLERUSER,2009
resolvePrincipal,SAGENT1_9_1/9900,RESELLERUSER,2009
resolvePrincipal,SAGENT1_9_10/9900,RESELLERUSER,2009
resolvePrincipal,SAGENT1_9_2/9900,RESELLERUSER,2009
resolvePrincipal,SAGENT1_9_3/9900,RESELLERUSER,2009
resolvePrincipal,SAGENT1_9_4/9900,RESELLERUSER,2009
resolvePrincipal,SAGENT1_9_5/9900,RESELLERUSER,2009
resolvePrincipal,SAGENT1_9_6/9900,RESELLERUSER,2009
resolvePrincipal,SAGENT1_9_7/9900,RESELLERUSER,2009
resolvePrincipal,SAGENT1_9_8/9900,RESELLERUSER,2009
resolvePrincipal,SAGENT1_9_9/9900,RESELLERUSER,2009
resolvePrincipal,SAGENT2_10_1/9900,RESELLERUSER,2009
resolvePrincipal,SAGENT2_10_10/9900,RESELLERUSER,2009
resolvePrincipal,SAGENT2_10_2/9900,RESELLERUSER,2009
resolvePrincipal,SAGENT2_10_3/9900,RESELLERUSER,2009
resolvePrincipal,SAGENT2_10_4/9900,RESELLERUSER,2009
resolvePrincipal,SAGENT2_10_5/9900,RESELLERUSER,2009
resolvePrincipal,SAGENT2_10_6/9900,RESELLERUSER,2009
resolvePrincipal,SAGENT2_10_7/9900,RESELLERUSER,2009
resolvePrincipal,SAGENT2_10_8/9900,RESELLERUSER,2009
resolvePrincipal,SAGENT2_10_9/9900,RESELLERUSER,2009
resolvePrincipal,SAGENT2_1_1/9900,RESELLERUSER,2009
resolvePrincipal,SAGENT2_1_10/9900,RESELLERUSER,2009
resolvePrincipal,SAGENT2_1_2/9900,RESELLERUSER,2009
resolvePrincipal,SAGENT2_1_3/9900,RESELLERUSER,2009
resolvePrincipal,SAGENT2_1_4/9900,RESELLERUSER,2009
resolvePrincipal,SAGENT2_1_5/9900,RESELLERUSER,2009
resolvePrincipal,SAGENT2_1_6/9900,RESELLERUSER,2009
resolvePrincipal,SAGENT2_1_7/9900,RESELLERUSER,2009
resolvePrincipal,SAGENT2_1_8/9900,RESELLERUSER,2009
resolvePrincipal,SAGENT2_1_9/9900,RESELLERUSER,2009
resolvePrincipal,SAGENT2_2_1/9900,RESELLERUSER,2009
resolvePrincipal,SAGENT2_2_10/9900,RESELLERUSER,2009
resolvePrincipal,SAGENT2_2_2/9900,RESELLERUSER,2009
resolvePrincipal,SAGENT2_2_3/9900,RESELLERUSER,2009
resolvePrincipal,SAGENT2_2_4/9900,RESELLERUSER,2009
resolvePrincipal,SAGENT2_2_5/9900,RESELLERUSER,2009
resolvePrincipal,SAGENT2_2_6/9900,RESELLERUSER,2009
resolvePrincipal,SAGENT2_2_7/9900,RESELLERUSER,2009
resolvePrincipal,SAGENT2_2_8/9900,RESELLERUSER,2009
resolvePrincipal,SAGENT2_2_9/9900,RESELLERUSER,2009
resolvePrincipal,SAGENT2_3_1/9900,RESELLERUSER,2009
resolvePrincipal,SAGENT2_3_10/9900,RESELLERUSER,2009
resolvePrincipal,SAGENT2_3_2/9900,RESELLERUSER,2009
resolvePrincipal,SAGENT2_3_3/9900,RESELLERUSER,2009
resolvePrincipal,SAGENT2_3_4/9900,RESELLERUSER,2009
resolvePrincipal,SAGENT2_3_5/9900,RESELLERUSER,2009
resolvePrincipal,SAGENT2_3_6/9900,RESELLERUSER,2009
resolvePrincipal,SAGENT2_3_7/9900,RESELLERUSER,2009
resolvePrincipal,SAGENT2_3_8/9900,RESELLERUSER,2009
resolvePrincipal,SAGENT2_3_9/9900,RESELLERUSER,2009
resolvePrincipal,SAGENT2_4_1/9900,RESELLERUSER,2009
resolvePrincipal,SAGENT2_4_10/9900,RESELLERUSER,2009
resolvePrincipal,SAGENT2_4_2/9900,RESELLERUSER,2009
resolvePrincipal,SAGENT2_4_3/9900,RESELLERUSER,2009
resolvePrincipal,SAGENT2_4_4/9900,RESELLERUSER,2009
resolvePrincipal,SAGENT2_4_5/9900,RESELLERUSER,2009
resolvePrincipal,SAGENT2_4_6/9900,RESELLERUSER,2009
resolvePrincipal,SAGENT2_4_7/9900,RESELLERUSER,2009
resolvePrincipal,SAGENT2_4_8/9900,RESELLERUSER,2009
resolvePrincipal,SAGENT2_4_9/9900,RESELLERUSER,2009
resolvePrincipal,SAGENT2_5_1/9900,RESELLERUSER,2009
resolvePrincipal,SAGENT2_5_10/9900,RESELLERUSER,2009
resolvePrincipal,SAGENT2_5_2/9900,RESELLERUSER,2009
resolvePrincipal,SAGENT2_5_3/9900,RESELLERUSER,2009
resolvePrincipal,SAGENT2_5_4/9900,RESELLERUSER,2009
resolvePrincipal,SAGENT2_5_5/9900,RESELLERUSER,2009
resolvePrincipal,SAGENT2_5_6/9900,RESELLERUSER,2009
resolvePrincipal,SAGENT2_5_7/9900,RESELLERUSER,2009
resolvePrincipal,SAGENT2_5_8/9900,RESELLERUSER,2009
resolvePrincipal,SAGENT2_5_9/9900,RESELLERUSER,2009
resolvePrincipal,SAGENT2_6_1/9900,RESELLERUSER,2009
resolvePrincipal,SAGENT2_6_10/9900,RESELLERUSER,2009
resolvePrincipal,SAGENT2_6_2/9900,RESELLERUSER,2009
resolvePrincipal,SAGENT2_6_3/9900,RESELLERUSER,2009
resolvePrincipal,SAGENT2_6_4/9900,RESELLERUSER,2009
resolvePrincipal,SAGENT2_6_5/9900,RESELLERUSER,2009
resolvePrincipal,SAGENT2_6_6/9900,RESELLERUSER,2009
resolvePrincipal,SAGENT2_6_7/9900,RESELLERUSER,2009
resolvePrincipal,SAGENT2_6_8/9900,RESELLERUSER,2009
resolvePrincipal,SAGENT2_6_9/9900,RESELLERUSER,2009
resolvePrincipal,SAGENT2_7_1/9900,RESELLERUSER,2009
resolvePrincipal,SAGENT2_7_10/9900,RESELLERUSER,2009
resolvePrincipal,SAGENT2_7_2/9900,RESELLERUSER,2009
resolvePrincipal,SAGENT2_7_3/9900,RESELLERUSER,2009
resolvePrincipal,SAGENT2_7_4/9900,RESELLERUSER,2009
resolvePrincipal,SAGENT2_7_5/9900,RESELLERUSER,2009
resolvePrincipal,SAGENT2_7_6/9900,RESELLERUSER,2009
resolvePrincipal,SAGENT2_7_7/9900,RESELLERUSER,2009
resolvePrincipal,SAGENT2_7_8/9900,RESELLERUSER,2009
resolvePrincipal,SAGENT2_7_9/9900,RESELLERUSER,2009
resolvePrincipal,SAGENT2_8_1/9900,RESELLERUSER,2009
resolvePrincipal,SAGENT2_8_10/9900,RESELLERUSER,2009
resolvePrincipal,SAGENT2_8_2/9900,RESELLERUSER,2009
resolvePrincipal,SAGENT2_8_3/9900,RESELLERUSER,2009
resolvePrincipal,SAGENT2_8_4/9900,RESELLERUSER,2009
resolvePrincipal,SAGENT2_8_5/9900,RESELLERUSER,2009
resolvePrincipal,SAGENT2_8_6/9900,RESELLERUSER,2009
resolvePrincipal,SAGENT2_8_7/9900,RESELLERUSER,2009
resolvePrincipal,SAGENT2_8_8/9900,RESELLERUSER,2009
resolvePrincipal,SAGENT2_8_9/9900,RESELLERUSER,2009
resolvePrincipal,SAGENT2_9_1/9900,RESELLERUSER,2009
resolvePrincipal,SAGENT2_9_10/9900,RESELLERUSER,2009
resolvePrincipal,SAGENT2_9_2/9900,RESELLERUSER,2009
resolvePrincipal,SAGENT2_9_3/9900,RESELLERUSER,2009
resolvePrincipal,SAGENT2_9_4/9900,RESELLERUSER,2009
resolvePrincipal,SAGENT2_9_5/9900,RESELLERUSER,2009
resolvePrincipal,SAGENT2_9_6/9900,RESELLERUSER,2009
resolvePrincipal,SAGENT2_9_7/9900,RESELLERUSER,2009
resolvePrincipal,SAGENT2_9_8/9900,RESELLERUSER,2009
resolvePrincipal,SAGENT2_9_9/9900,RESELLERUSER,2009
